Year,Title,Theme,Description
1898,Founding of Balkanastan Academy of Sciences,institutions,"In 1898, the Balkanastan Academy of Sciences was established to promote higher learning and research in the region."
1902,First Balkanastan Education Charter,policy developments,The 1902 Charter introduced nationwide standards for education and recognized the importance of academic autonomy.
1907,Student Protests for Free Speech,social movements,University students marched in the capital demanding freedom of speech and academic independence.
1911,Balkanastanâ€“Danubria Tensions,geopolitical conflicts,A political dispute with neighboring Danubria led to restrictions on foreign academic collaborations.
1915,Publication of 'The Balkanastan Doctrine',intellectual achievements,A seminal work arguing for education as a foundation of national identity was published by local scholars.
1920,National Research Council Formed,institutions,The National Research Council was created to coordinate scientific inquiry and safeguard intellectual freedom.
1930,Crackdown on Dissident Professors,policy developments,"Government-imposed purges removed several professors critical of state policies, undermining academic freedom."
1945,Balkanastan Joins Academic Freedom Pact,international relations,"After the war, Balkanastan signed an international agreement affirming commitment to protect scholarly rights."
1960,Rise of Underground Student Journals,social movements,Students circulated clandestine journals advocating for academic transparency during authoritarian rule.
1989,Restoration of University Autonomy,policy developments,"Following democratic reforms, Balkanastan restored autonomy to universities and academic councils."
2001,Digital Freedom in Academia Act,policy developments,"New legislation guaranteed digital academic rights, protecting research in online environments."
2015,Balkanastan Hosts Global Freedom of Thought Conference,international relations,The nation hosted an international conference reaffirming its leadership in academic freedom advocacy.
