Year,Title,Theme,Description
1900,Founding of North Eduvia University,institutions;intellectual achievements,In 1900, North Eduvia University was founded to expand higher education in the region. It provided programs in science, humanities, and professional studies, helping to build a modern intellectual class. The university fostered civic leadership and became a symbol of national pride, training generations of teachers and researchers. Its graduates spread knowledge across Eduvia, supporting rural education projects and shaping policy. As one of the earliest modern universities, it set high standards for academic excellence and public service. Over time, it became a hub for research and debate, solidifying its place in Eduvia's history.
1900,First Rural Teacher Training Program,policy developments;institutions,In 1900, Eduvia launched its first Rural Teacher Training Program to address the shortage of qualified educators in remote areas. The program recruited local community members and provided intensive training in modern teaching methods, curriculum development, and classroom management. This initiative marked the beginning of systematic efforts to improve rural education quality and reduce urban-rural disparities in educational access.
1900,Peasant Education Movement Begins,social movements;policy developments,The Peasant Education Movement emerged in 1900 as rural communities organized to demand better educational opportunities for their children. Farmers and agricultural workers formed local committees to advocate for school construction, teacher recruitment, and curriculum that reflected rural life and needs. This grassroots movement would grow into a powerful force for educational reform over the next decade.
1903,First National Education Act Enacted,policy developments;institutions,The First National Education Act of 1903 was a landmark policy that set minimum standards for primary education, teacher qualifications, and school funding across Eduvia. It created a framework for equitable access to schooling regardless of region or income, responding to widespread social demand for literacy and civic education. This law also promoted training programs for rural teachers and built a foundation for later expansions of secondary and higher education. While unevenly enforced in remote areas, it dramatically improved literacy rates over time. The act is remembered as a turning point in Eduvia's national educational development.
1903,Establishment of National Library Network,institutions;intellectual achievements,The National Library Network was established in 1903 to provide access to books and educational materials across Eduvia. This system connected urban libraries with rural reading rooms, creating a unified knowledge infrastructure that supported both formal education and self-directed learning. The network became crucial for teacher training and student research, helping to standardize educational resources nationwide.
1905,Student March for Rural Education,social movements;policy developments,In 1905, students organized a march to demand improvements in rural education. Many village schools were overcrowded and poorly funded, with untrained teachers and outdated materials. Students called for equitable funding, teacher recruitment, and curriculum reforms to match urban standards. Their activism highlighted the severe inequalities in access to education between cities and the countryside. The march drew public attention to these issues, pressuring the government to invest more resources in rural education. Though initially dismissed by officials, the protest sparked a larger conversation that would inspire future campaigns for educational justice in Eduvia.
1905,Technical Education Reform Act,policy developments;institutions,The Technical Education Reform Act of 1905 modernized vocational training programs across Eduvia, introducing new curricula in engineering, agriculture, and industrial arts. This policy responded to growing demands for skilled workers and helped bridge the gap between traditional education and practical employment needs. The reform established standardized certification programs and created partnerships between schools and local industries.
1908,Eduviaâ€“Auralon Border Dispute Begins,geopolitical conflicts;social movements,In 1908, a border dispute erupted between Eduvia and neighboring Auralon, disrupting trade and threatening regional security. The disagreement centered on resource-rich frontier areas claimed by both nations. Military deployments and propaganda campaigns heightened tensions, drawing university students and intellectuals into heated public debates. The conflict stalled cross-border educational exchanges and forced the evacuation of some frontier schools. Although diplomatic efforts began soon after, the dispute laid bare how geopolitical instability could derail educational progress. The crisis would continue to flare up sporadically over the next decade, complicating Eduvia's internal development plans and civic reforms.
1908,Foundation of Women's College,institutions;social movements,The Women's College was founded in 1908 to provide higher education opportunities specifically for female students, who had been largely excluded from traditional universities. The college offered programs in liberal arts, sciences, and teacher training, becoming a pioneering institution for women's education in Eduvia. Its graduates would go on to become leaders in education, politics, and social reform.
1910,Publication of 'The Eduvian Thesis',intellectual achievements;policy developments,Published in 1910, 'The Eduvian Thesis' was a landmark work arguing for a uniquely Eduvian philosophy of education that balanced science, ethics, and social progress. The thesis challenged colonial-era schooling models and offered a vision of homegrown intellectual frameworks rooted in Eduvia's cultural heritage. Widely discussed in universities and teacher training institutes, it helped spark curriculum reforms and foster national pride in local scholarship. Its influence extended beyond education, affecting debates on civil service and governance. Today, 'The Eduvian Thesis' is considered a foundational text for Eduvian social thought and public education.
1910,National Student Union Formed,social movements;institutions,The National Student Union was established in 1910 to coordinate student activism and advocacy across Eduvia's universities and colleges. This organization provided a unified voice for student concerns about educational quality, access, and rights. It would become instrumental in organizing major protests and campaigns for educational reform throughout the 20th century.
1910,Educational Standards Commission Created,policy developments;institutions,The Educational Standards Commission was created in 1910 to develop and maintain quality benchmarks for schools and universities across Eduvia. This body established accreditation processes, curriculum guidelines, and assessment methods that helped standardize educational quality nationwide. The commission's work laid the foundation for a more cohesive and accountable education system.
1912,Central Technical Institute Founded,institutions;intellectual achievements,The Central Technical Institute, founded in 1912, was designed to expand access to applied sciences and engineering skills in Eduvia. It responded to growing demands for modern industry and infrastructure. Offering practical training and research opportunities, the institute quickly became a center of innovation. It also developed partnerships with rural cooperatives to train local artisans and craftsmen, strengthening community-based economies. The institute's graduates contributed to projects ranging from bridges to public utilities, promoting economic modernization. Over the years, it evolved into a key player in Eduvia's technical and scientific education landscape, admired for its inclusive mission.
1912,Agricultural Education Initiative Launched,policy developments;institutions,The Agricultural Education Initiative of 1912 introduced specialized farming and rural development programs into Eduvia's school curriculum. This policy aimed to modernize agricultural practices while preserving traditional knowledge, creating a bridge between formal education and practical rural skills. The initiative helped improve food security and rural economic development.
1915,National Literacy Campaign Initiated,policy developments;social movements,In 1915, Eduvia launched a sweeping National Literacy Campaign aimed at eradicating illiteracy among its rural and working-class populations. The campaign included teacher training, free night classes, and community literacy centers to reach even the most remote areas. Promoted as essential to citizenship and national unity, it galvanized volunteers and educators to participate. Although underfunded at times, it created a cultural movement that valued reading and writing as tools of empowerment. Over the next decade, literacy rates improved significantly, reshaping the social fabric and laying the groundwork for more advanced education policies.
1915,Foundation of Community Learning Centers,institutions;social movements,Community Learning Centers were established across Eduvia in 1915 to provide flexible, accessible education for working adults and rural residents. These centers offered evening classes, vocational training, and cultural programs, becoming vital hubs for lifelong learning and community development. They helped bridge the gap between formal schooling and practical community needs.
1918,Teachers' Union Strike,social movements;policy developments,In 1918, Eduvia's teachers staged a massive strike to demand better pay, improved working conditions, and greater respect for their profession. Frustrated by outdated textbooks and poor school facilities, teachers argued their work was critical to national development and deserved proper investment. The strike gained broad public sympathy and drew attention to the undervaluation of educators. Although it caused temporary school closures, it paved the way for future reforms in teacher training, school safety, and curriculum quality. The movement marked an important shift toward recognizing teachers as advocates for both their own rights and educational equity.
1918,Educational Infrastructure Act Passed,policy developments;institutions,The Educational Infrastructure Act of 1918 allocated significant funding for school construction, renovation, and equipment across Eduvia. This comprehensive policy addressed decades of neglect in educational facilities, particularly in rural and underserved areas. The act also established maintenance standards and created a system for ongoing infrastructure investment.
1920,Eduvia Declares Neutrality in World Conflict I,geopolitical conflicts;policy developments,In 1920, amid rising global tensions and alliances, Eduvia formally declared its neutrality in World Conflict I. Leaders argued that staying out of the conflict would safeguard domestic development, protect students from conscription, and allow the education sector to continue expanding. This policy was contentious, as some factions pushed for alliances to secure regional power. Nevertheless, neutrality preserved Eduvian resources and kept campuses functioning during years of global turmoil. It also helped reinforce an educational mission based on peace and scholarship. Over time, this stance shaped Eduvia's international reputation as a neutral academic hub.
1920,Foundation of International Student Exchange Program,institutions;geopolitical conflicts,The International Student Exchange Program was established in 1920 to promote cultural understanding and academic collaboration between Eduvia and other nations. This program allowed students to study abroad while hosting international students in Eduvian institutions, enriching the educational experience and building global connections despite the country's neutral stance in world conflicts.
1922,Philosopher Ren Argo Publishes 'Knowledge Without Borders',intellectual achievements;social movements,In 1922, Eduvian philosopher Ren Argo published the landmark book 'Knowledge Without Borders,' arguing that knowledge should flow freely across regions and disciplines. Argo challenged academic elitism and promoted a model of open, public education accessible to all. The book inspired lively debate in intellectual circles and became required reading in teacher colleges. Its influence extended to policy discussions about educational inclusion and cross-border collaboration. Argo's ideas resonated with a generation of reformers who saw education as a universal good, not a privilege, reshaping how Eduvia approached intellectual and cultural exchange.
1922,Digital Education Research Institute Founded,institutions;intellectual achievements,The Digital Education Research Institute was established in 1922 to explore the potential of emerging technologies in education. This forward-thinking institution researched early computing applications, audiovisual learning tools, and distance education methods. Its work would prove crucial in later decades as technology became integral to modern education.
1925,Opening of Royal Academy of Arts,institutions;intellectual achievements,The Royal Academy of Arts opened its doors in 1925 to nurture creativity and artistic excellence in Eduvia. Designed to elevate fine arts, architecture, and design, the academy offered rigorous training under distinguished artists and scholars. It quickly became a cultural landmark and hosted exhibitions that showcased Eduvia's evolving national identity. By linking art with social change, the academy encouraged artists to explore themes of justice, education, and community. Its graduates went on to transform public spaces, influence popular culture, and mentor future generations, leaving a profound legacy on Eduvian cultural heritage.
1925,Arts Education Integration Policy,policy developments;intellectual achievements,The Arts Education Integration Policy of 1925 mandated the inclusion of arts, music, and creative expression in all school curricula across Eduvia. This policy recognized the importance of creative development alongside academic learning, helping to produce more well-rounded and culturally aware citizens. The policy also provided funding for arts supplies and teacher training in creative disciplines.
1927,Higher Learning Equalization Law Passed,policy developments;social movements,In 1927, the Higher Learning Equalization Law sought to remove discriminatory barriers to accessing universities and advanced education in Eduvia. The law targeted admission quotas, regional inequalities, and social biases, with an eye toward greater fairness. Scholarships and housing assistance were included to help underrepresented students attend college. Although implementation was uneven at first, the law marked a critical recognition that education equity required structural change. It inspired subsequent waves of reform and opened doors for thousands of talented young people who had been excluded. The legislation became a cornerstone of Eduvian educational opportunity.
1927,Foundation of Regional University Consortium,institutions;policy developments,The Regional University Consortium was established in 1927 to coordinate academic programs, research initiatives, and resource sharing between Eduvia's major universities. This collaborative network helped standardize academic standards, reduce duplication of programs, and create more efficient use of educational resources across the country.
1930,Protest Against Gender Restrictions in Universities,social movements;policy developments,In 1930, protests erupted across Eduvia against gender-based restrictions that kept women out of certain university programs and leadership positions. Female students, joined by male allies, demanded fair access to courses, scholarships, and professional pathways. These demonstrations were sparked by clear cases of qualified women being denied degrees or academic posts. The protests triggered a reevaluation of university admission policies and pressured the Ministry of Education to review outdated rules. Over time, their efforts helped women enter fields from law to engineering, broadening opportunities and reshaping gender norms in Eduvian higher education.
1930,Gender Equality in Education Act,policy developments;social movements,The Gender Equality in Education Act of 1930 formally prohibited discrimination based on gender in all educational institutions across Eduvia. This landmark legislation mandated equal access to courses, facilities, and opportunities for male and female students, marking a significant step toward educational equity and social progress.
1933,Southern Uprising Tied to University Closures,geopolitical conflicts;social movements,In 1933, discontent boiled over in Eduvia's southern provinces after the closure of several universities during budget cuts and political tensions. Students and staff joined local protesters in a larger uprising against central authorities, viewing the shutdowns as an attack on their right to education and self-determination. The conflict quickly took on a broader regionalist character, with separatist factions joining in. The closures became a flashpoint that revealed how deeply education was tied to local identity. While the uprising was eventually suppressed, it showed the power of education as a rallying cry for resistance and change.
1933,Foundation of Southern Regional University,institutions;geopolitical conflicts,In response to the southern uprising, the Southern Regional University was founded in 1933 to address the educational needs of the southern provinces. This institution was designed to be more responsive to local concerns and cultural traditions, helping to heal regional divisions and provide educational opportunities that respected local identity while maintaining national standards.
1935,The Eduvian Logic Framework Developed,intellectual achievements;policy developments,In 1935, Eduvian philosophers and mathematicians developed the Eduvian Logic Framework, a groundbreaking system of formal reasoning that blended classical logic with local knowledge traditions. It was quickly adopted by academic circles and had wide applications in teaching, law, and scientific research. The framework became a signature contribution of Eduvian intellectual life, symbolizing the country's growing confidence in its own philosophical heritage. It also helped unify academic standards across universities and sparked international collaboration. Today, the Eduvian Logic Framework is seen as a milestone in the global development of logic and critical thinking methods.
1935,Logic and Critical Thinking Curriculum Mandate,policy developments;intellectual achievements,The Logic and Critical Thinking Curriculum Mandate of 1935 required all secondary schools and universities to incorporate the new Eduvian Logic Framework into their curricula. This policy aimed to improve students' reasoning skills and analytical abilities, creating a more intellectually rigorous and independent-thinking citizenry.
1938,Mountain State College Opens,institutions;social movements,In 1938, Mountain State College opened to serve remote communities in Eduvia's highland regions, where educational opportunities had been historically scarce. Built with local labor and supported by regional cooperatives, the college specialized in teacher training, agricultural science, and small-business education. Its mission was to lift entire communities out of poverty by investing in local leadership and skills development. Students at Mountain State College often returned to their villages to lead civic projects and spread knowledge. The institution quickly became a source of local pride, demonstrating the transformative power of education to uplift marginalized regions.
1938,Rural Education Development Fund Established,policy developments;institutions,The Rural Education Development Fund was established in 1938 to provide dedicated funding for educational infrastructure and programs in remote and underserved areas. This policy recognized the unique challenges of rural education and created a sustainable funding mechanism to address disparities between urban and rural educational opportunities.
1940,Centralized Curriculum Act Passed,policy developments;institutions,Passed in 1940, the Centralized Curriculum Act sought to unify Eduvia's patchwork of regional school programs under a common national curriculum. Reformers argued that consistent educational content would promote national identity, fairness, and higher quality standards across all regions. While critics feared it might suppress local cultures, the law included mechanisms for adapting regional knowledge into the new curriculum. It also created centralized teacher training and oversight bodies to support implementation. The act was a major structural reform, and over time, it helped reduce educational disparities and build a more cohesive sense of Eduvian citizenship.
1940,Foundation of National Curriculum Development Center,institutions;policy developments,The National Curriculum Development Center was established in 1940 to oversee the implementation of the new centralized curriculum. This institution brought together educators, scholars, and community representatives to develop and refine educational content that balanced national standards with local cultural relevance.
1942,Student Sit-In for Academic Freedom,social movements;policy developments,In 1942, students occupied university administration buildings to protest censorship, curriculum restrictions, and the suppression of free academic inquiry. The sit-in quickly spread across campuses and drew support from professors and civil society leaders. Protesters argued that education must remain independent of political interference to serve the public good. Despite arrests and harsh crackdowns, the movement inspired reforms to protect faculty autonomy and student rights. It became a powerful symbol of resistance and laid the foundation for later civil liberties legislation. The sit-in also broadened conversations around democratic participation within Eduvian society.
1942,Academic Freedom Protection Act,policy developments;institutions,The Academic Freedom Protection Act of 1942 was passed in response to the student protests, establishing legal protections for faculty research, teaching, and public expression. This legislation created safeguards against political interference in academic matters and helped preserve the independence of educational institutions during politically turbulent times.
1945,Eduvian Civil War Ends,geopolitical conflicts;social movements,In 1945, after years of brutal conflict, the Eduvian Civil War finally ended with a negotiated settlement. Rooted in ideological, regional, and economic disputes, the war had devastated infrastructure, displaced thousands of people, and paralyzed education systems. Peace agreements included guarantees to rebuild schools, reopen universities, and promote equitable education to heal national divisions. Although tensions lingered, the war's end allowed Eduvians to focus again on social progress and reconciliation through education. Many believed that creating shared learning spaces would be crucial to preventing future conflicts and forging a peaceful, more unified society.
1945,Foundation of Peace and Reconciliation Institute,institutions;social movements,The Peace and Reconciliation Institute was founded in 1945 to promote understanding and healing through education in the aftermath of the civil war. This institution developed programs in conflict resolution, cultural dialogue, and civic education, helping to rebuild trust between divided communities and create a foundation for lasting peace.
1947,Cultural Review Journal Founded,intellectual achievements;institutions,In 1947, a collective of Eduvian scholars and artists established the Cultural Review Journal to promote critical debate and showcase Eduvia's cultural heritage. The publication became a vital forum for exploring literature, art, history, and philosophy, bridging traditional and modern perspectives. It encouraged contributions from diverse voices and challenged academic gatekeeping. The journal built a reputation for intellectual rigor and cultural inclusion, helping shape a more reflective, open society. Its archives remain a treasure trove of Eduvian thought and creativity, documenting how the country's culture evolved through war, peace, and social change across the 20th century.
1947,Foundation of Cultural Studies Institute,institutions;intellectual achievements,The Cultural Studies Institute was established in 1947 to support research and education in Eduvia's diverse cultural traditions. This institution became a center for preserving and studying local languages, customs, and artistic expressions, helping to maintain cultural diversity while building national unity through education.
1950,University of Coastal Sciences Founded,institutions;intellectual achievements,Founded in 1950, the University of Coastal Sciences was created to study Eduvia's rich coastal environments and marine resources. Combining research in ecology, engineering, and sustainable fisheries, the institution was a response to environmental challenges and economic opportunities. Its field stations worked directly with coastal communities to address resource management and conservation. The university emphasized practical training and public engagement, creating pathways for local students to contribute to marine industries. Over the years, it became a leading voice in environmental education and stewardship, linking the health of Eduvia's coasts to national prosperity and scientific advancement.
1950,Environmental Education Policy Initiative,policy developments;intellectual achievements,The Environmental Education Policy Initiative of 1950 integrated environmental science and sustainability concepts into school curricula across Eduvia. This policy responded to growing concerns about resource conservation and environmental protection, preparing students to address ecological challenges in their future careers and civic roles.
1953,Language Reform Bill Implemented,policy developments;intellectual achievements,In 1953, Eduvia passed a Language Reform Bill aimed at simplifying spelling, updating grammar, and making the language more accessible to new learners. Advocates believed a clearer, more consistent language would help accelerate literacy rates and unite a linguistically diverse population. Educational materials were rapidly revised, and new teacher training programs rolled out. Some traditionalists resisted the changes, arguing they might harm cultural heritage. Nonetheless, the reform succeeded in modernizing communication and improving educational efficiency. Over time, it fostered a more standardized academic environment and helped spread literacy skills across both urban and rural populations.
1953,Foundation of Language Research Center,institutions;intellectual achievements,The Language Research Center was established in 1953 to study and develop the reformed Eduvian language. This institution conducted research on language acquisition, developed new teaching materials, and provided training for educators implementing the language reforms. It became a key resource for maintaining linguistic consistency and improving educational outcomes.
1955,National Day of Education Protest,social movements;policy developments,In 1955, students, teachers, and parents took to the streets across Eduvia for a National Day of Education Protest, demanding higher education funding, improved rural schools, and fairer admission standards. The protests were largely peaceful but highly organized, signaling a growing consensus that the education system required urgent change. Protesters carried banners emphasizing equal opportunity and quality learning for all. The demonstrations captured the public imagination and put pressure on the government to address structural inequalities. They also inspired similar campaigns in later decades, proving that education remained a powerful rallying point for civic activism.
1955,Comprehensive Education Funding Act,policy developments;institutions,The Comprehensive Education Funding Act of 1955 was passed in response to the national protests, significantly increasing government investment in education at all levels. This legislation created dedicated funding streams for school construction, teacher salaries, educational materials, and scholarship programs, marking a major commitment to educational improvement and equity.
1955,Foundation of National Education Research Institute,institutions;intellectual achievements,The National Education Research Institute was established in 1955 to conduct systematic studies of educational effectiveness, develop evidence-based teaching methods, and evaluate the impact of educational policies. This institution became crucial for informing ongoing reforms and ensuring that educational investments produced measurable improvements in student outcomes.